sub0,cond0,item0,xcoor0,ycoor0,Tstart0,Tend0,finalcoor,ffd0,FFT,ROI0,sacdir,passtimes,regressionfrom
Sub_001,2,22,2,0,874,1369,2,TRUE,495,FALSE,fore,0,None
Sub_001,2,22,4,0,1387,1660,4,TRUE,273,TRUE,fore,1,Left
Sub_001,2,22,6,0,1682,1946,6,TRUE,264,TRUE,back,1,Left
Sub_001,2,22,5,0,1960,2050,5,FALSE,90,TRUE,fore,1,Left
Sub_001,2,22,7,0,2072,2665,7,TRUE,593,FALSE,back,0,None
Sub_001,2,22,2,0,2701,2990,2,FALSE,289,FALSE,fore,0,None
Sub_001,2,22,3,0,3006,3172,3,FALSE,166,FALSE,fore,0,None
Sub_001,2,22,6,0,3196,3403,6,FALSE,207,TRUE,fore,2,Left
Sub_001,2,22,8,0,3423,3654,8,TRUE,231,FALSE,fore,0,None
Sub_001,2,22,10,0,3677,3856,10,TRUE,179,FALSE,fore,0,None
Sub_001,2,22,12,0,3876,4033,12,TRUE,157,FALSE,fore,0,None
Sub_001,2,22,15,0,4058,4262,15,TRUE,204,FALSE,fore,0,None
Sub_001,2,22,16,0,4276,4445,16,TRUE,169,FALSE,back,0,None
Sub_001,2,22,5,0,4490,4677,5,FALSE,187,TRUE,back,3,Right
Sub_001,2,22,1,0,4709,5156,1,FALSE,447,FALSE,fore,0,None
Sub_001,2,22,15,0,5207,5379,15,FALSE,172,FALSE,fore,0,None
Sub_001,2,22,16,0,5394,5713,16,FALSE,319,FALSE,NO,0,None
Sub_001,1,25,3,0,921,1175,3,TRUE,254,FALSE,fore,0,None
Sub_001,1,25,6,0,1199,1429,6,TRUE,230,FALSE,fore,0,None
Sub_001,1,25,9,0,1451,1653,9,TRUE,202,FALSE,fore,0,None
Sub_001,1,25,11,0,1673,1845,11,TRUE,172,FALSE,fore,0,None
Sub_001,1,25,13,0,1868,2073,13,TRUE,205,TRUE,fore,1,Left
Sub_001,1,25,15,0,2096,2311,15,TRUE,215,TRUE,fore,1,Left
Sub_001,1,25,17,0,2331,2531,17,TRUE,200,FALSE,back,0,None
Sub_001,1,25,15,0,2552,2724,15,FALSE,172,TRUE,back,2,Right
Sub_001,1,25,13,0,2744,3203,13,FALSE,459,TRUE,fore,2,Right
Sub_001,1,25,15,0,3227,3399,15,FALSE,172,TRUE,fore,2,Right
Sub_001,1,25,16,0,3416,3691,16,FALSE,275,FALSE,back,0,None
Sub_001,1,25,15,0,3704,4363,15,FALSE,659,TRUE,fore,3,Right
Sub_001,1,25,17,0,4382,4795,17,FALSE,413,FALSE,fore,0,None
Sub_001,1,25,19,0,4814,5258,19,TRUE,444,FALSE,fore,0,None
Sub_001,1,25,20,0,5276,5463,20,TRUE,187,FALSE,NO,0,None