major,middle,final,type,gender,total,minor,grade
pubadmin,90,95,4,f,93,FALSE,15
psychology,91,93,3,f,92,FALSE,15
psychology,91,93,4,m,92,FALSE,16
sociology,90,89,1,f,89,FALSE,15
psychology,90,88,4,m,89,FALSE,15
psychology,90,88,3,m,89,FALSE,15
psychology,87,90,4,f,89,FALSE,15
psychology,89,89,3,f,89,FALSE,15
pubadmin,89,89,1,m,89,FALSE,15
psychology,90,89,3,f,89,FALSE,16
urbanmanag,85,91,2,f,89,FALSE,16
politics,86,89,1,f,88,FALSE,15
politics,85,90,1,f,88,FALSE,15
sociology,87,88,1,f,88,FALSE,15
psychology,87,88,1,f,88,FALSE,16
psychology,89,87,4,f,88,FALSE,16
history,87,89,4,m,88,TRUE,14
socialwork,88,87,1,f,87,FALSE,14
sociology,85,88,1,f,87,FALSE,15
socialwork,84,89,1,f,87,FALSE,15
envirscience,89,85,4,f,87,TRUE,15
translation,86,88,2,m,87,TRUE,15
politics,88,85,3,f,86,FALSE,15
socialwork,87,85,3,m,86,FALSE,15
socialwork,88,84,2,f,86,FALSE,15
psychology,89,84,2,f,86,FALSE,16
psychology,86,86,1,m,86,FALSE,16
psychology,84,87,4,m,86,FALSE,16
urbanmanag,87,86,3,m,86,FALSE,16
urbanmanag,87,85,3,m,86,FALSE,16
urbanmanag,88,84,2,m,86,FALSE,16
tourmanag,90,83,3,f,86,TRUE,16
sociology,87,84,2,m,85,FALSE,14
socialwork,86,84,2,m,85,FALSE,15
sociology,87,84,1,f,85,FALSE,15
psychology,87,83,2,m,85,FALSE,15
socialwork,84,85,2,f,85,FALSE,16
psychology,87,84,2,f,85,FALSE,16
psychology,86,84,4,f,85,FALSE,16
urbanmanag,85,85,3,m,85,FALSE,16
urbanmanag,84,85,3,m,85,FALSE,16
urbanmanag,88,83,2,f,85,FALSE,16
worldhistory,89,83,3,f,85,TRUE,15
internationalpolitics,85,84,2,m,84,FALSE,15
urbanmanag,86,83,4,f,84,FALSE,16
urbanmanag,86,82,3,f,84,FALSE,16
urbanmanag,86,83,2,f,84,FALSE,16
materials,85,84,2,f,84,TRUE,16
socialwork,81,84,2,m,83,FALSE,15
pubadmin,87,80,2,f,83,FALSE,15
socialwork,85,80,4,f,82,FALSE,16
conferenceeconomics,86,80,2,f,82,TRUE,15
electroinformation,84,79,2,f,81,TRUE,15
psychology,84,78,2,f,80,FALSE,15
socialwork,84,75,3,f,79,FALSE,16
psychology,83,73,2,f,77,FALSE,15
socialwork,85,70,1,f,76,FALSE,15
socialwork,86,70,1,f,76,FALSE,15
psychology,85,70,2,m,76,FALSE,15
psychology,83,71,2,m,76,FALSE,15
psychology,84,70,2,f,76,FALSE,16
pubadmin,83,70,4,f,75,FALSE,15
psychology,83,70,2,m,75,FALSE,16
psychology,85,69,2,f,75,FALSE,16
psychology,84,68,2,f,74,FALSE,15
psychology,84,66,2,f,73,FALSE,15