gender,grade,pretest,posttest
female,1,64,61
female,1,65,72
female,1,68,68
female,1,69,67
female,1,62,62
female,1,61,66
female,1,69,67
female,1,60,65
female,1,66,72
female,1,63,70
female,2,72,70
female,2,66,68
female,2,68,72
female,2,72,73
female,2,67,67
female,2,65,63
female,2,70,69
female,2,63,61
female,2,71,70
female,2,63,64
female,3,75,73
female,3,69,73
female,3,76,81
female,3,74,76
female,3,66,69
female,3,71,77
female,3,69,74
female,3,68,70
female,3,72,72
female,3,74,80
female,4,77,76
female,4,76,79
female,4,73,79
female,4,72,78
female,4,75,74
female,4,71,75
female,4,78,76
female,4,79,85
female,4,77,82
female,4,74,80
female,5,82,83
female,5,79,79
female,5,77,83
female,5,72,76
female,5,73,80
female,5,73,77
female,5,77,74
female,5,78,75
female,5,72,70
female,5,78,77
male,1,58,58
male,1,55,57
male,1,60,59
male,1,58,64
male,1,60,65
male,1,59,59
male,1,65,65
male,1,63,65
male,1,56,57
male,1,59,59
male,2,60,59
male,2,67,70
male,2,65,62
male,2,60,59
male,2,61,59
male,2,63,68
male,2,69,68
male,2,60,57
male,2,61,63
male,2,65,66
male,3,73,79
male,3,66,66
male,3,74,75
male,3,68,75
male,3,71,76
male,3,69,66
male,3,73,76
male,3,69,71
male,3,72,70
male,3,73,78
male,4,78,79
male,4,72,73
male,4,70,73
male,4,76,77
male,4,72,78
male,4,74,72
male,4,79,79
male,4,75,73
male,4,72,75
male,4,70,75
male,5,76,73
male,5,85,86
male,5,83,86
male,5,75,76
male,5,81,85
male,5,79,84
male,5,75,82
male,5,83,83
male,5,82,82
male,5,83,81